session_id,enterprise_id,user_id,agent_id,agent_type,user_role,start_time,end_time,duration_seconds,num_events,declared_intent,is_anomalous_session,slow_drip_exfiltration,broad_retrieval_or_table_scan,intent_drift,privilege_escalation_or_sensitive_access_violation,high_entropy_exploration,off_hours_sensitive_or_high_volume_access
sess_1000,ent_nexus_beta,usr_500,agt_6,automated_cron,analyst,2026-05-17 07:47:53,2026-05-17 08:25:43,2270,13,inventory_check,0,0,0,0,0,0,0
sess_1001,ent_corp_alpha,usr_501,agt_2,internal_tool,admin,2026-05-07 19:54:19,2026-05-07 20:22:05,1666,15,system_health_check,0,0,0,0,0,0,0
sess_1002,ent_nexus_beta,usr_502,agt_6,user_facing_llm,analyst,2026-05-12 17:35:46,2026-05-12 17:59:21,1415,17,billing_summary,0,0,0,0,0,0,0
sess_1003,ent_corp_alpha,usr_503,agt_6,user_facing_llm,support,2026-05-20 15:15:01,2026-05-20 16:01:57,2816,20,order_management,0,0,0,0,0,0,0
sess_1004,ent_corp_alpha,usr_504,agt_11,internal_tool,admin,2026-05-19 12:20:54,2026-05-19 12:53:01,1927,14,report_generation,0,0,0,0,0,0,0
sess_1005,ent_nexus_beta,usr_505,agt_15,user_facing_llm,admin,2026-05-02 11:26:05,2026-05-02 11:37:42,697,11,compensation_review,0,0,0,0,0,0,0
sess_1006,ent_nexus_beta,usr_506,agt_1,automated_cron,executive,2026-05-26 02:02:54,2026-05-26 04:50:33,10059,45,sales_performance,1,1,0,0,0,0,1
sess_1007,ent_corp_alpha,usr_507,agt_8,automated_cron,executive,2026-05-16 22:24:56,2026-05-16 22:48:27,1411,16,compensation_review,0,0,0,0,0,0,0
sess_1008,ent_corp_alpha,usr_508,agt_9,internal_tool,tier_1_support,2026-05-26 09:44:07,2026-05-26 10:11:26,1639,13,order_management,0,0,0,0,0,0,0
sess_1009,ent_apex_gamma,usr_509,agt_10,user_facing_llm,analyst,2026-05-06 12:31:03,2026-05-06 12:51:10,1207,15,billing_summary,0,0,0,0,0,0,0
sess_1010,ent_nexus_beta,usr_510,agt_3,automated_cron,support,2026-05-22 12:10:05,2026-05-22 12:29:21,1156,14,customer_lookup,0,0,0,0,0,0,0
sess_1011,ent_corp_alpha,usr_511,agt_10,user_facing_llm,tier_1_support,2026-05-07 12:12:56,2026-05-07 12:21:44,528,7,support_triage,0,0,0,0,0,0,0
sess_1012,ent_apex_gamma,usr_512,agt_7,user_facing_llm,support,2026-05-10 13:33:37,2026-05-10 13:58:35,1498,16,order_management,0,0,0,0,0,0,0
sess_1013,ent_apex_gamma,usr_513,agt_10,internal_tool,tier_1_support,2026-05-26 06:56:41,2026-05-26 07:09:17,756,7,customer_lookup,0,0,0,0,0,0,0
sess_1014,ent_corp_alpha,usr_514,agt_4,internal_tool,executive,2026-05-05 07:19:59,2026-05-05 07:48:26,1707,15,report_generation,0,0,0,0,0,0,0
sess_1015,ent_nexus_beta,usr_515,agt_14,automated_cron,data_engineer,2026-05-03 11:15:10,2026-05-03 11:31:09,959,18,schema_audit,1,0,0,0,1,1,0
sess_1016,ent_corp_alpha,usr_516,agt_2,internal_tool,tier_1_support,2026-04-28 15:05:50,2026-04-28 15:34:37,1727,19,order_management,0,0,0,0,0,0,0
sess_1017,ent_nexus_beta,usr_517,agt_10,user_facing_llm,support,2026-05-25 23:23:55,2026-05-25 23:42:00,1085,11,order_management,0,0,0,0,0,0,0
sess_1018,ent_nexus_beta,usr_518,agt_14,automated_cron,admin,2026-05-10 13:59:19,2026-05-10 16:31:23,9124,42,report_generation,1,1,0,0,0,0,0
sess_1019,ent_nexus_beta,usr_519,agt_2,user_facing_llm,analyst,2026-05-14 02:18:32,2026-05-14 02:43:14,1482,13,report_generation,0,0,0,0,0,0,0
sess_1020,ent_corp_alpha,usr_520,agt_3,internal_tool,executive,2026-04-28 09:21:50,2026-04-28 09:36:34,884,10,sales_performance,0,0,0,0,0,0,0
sess_1021,ent_corp_alpha,usr_521,agt_3,user_facing_llm,support,2026-05-18 13:44:03,2026-05-18 13:59:31,928,8,support_triage,1,0,0,1,0,0,0
sess_1022,ent_corp_alpha,usr_522,agt_1,automated_cron,support,2026-05-06 23:19:10,2026-05-06 23:52:44,2014,14,order_management,0,0,0,0,0,0,0
sess_1023,ent_nexus_beta,usr_523,agt_3,automated_cron,admin,2026-05-05 13:06:58,2026-05-05 13:23:08,970,10,payroll_processing,0,0,0,0,0,0,0
sess_1024,ent_nexus_beta,usr_524,agt_10,user_facing_llm,analyst,2026-05-08 14:21:40,2026-05-08 14:48:59,1639,13,sales_performance,0,0,0,0,0,0,0
sess_1025,ent_apex_gamma,usr_525,agt_9,internal_tool,support,2026-05-03 12:17:31,2026-05-03 12:37:59,1228,8,support_triage,0,0,0,0,0,0,0
sess_1026,ent_nexus_beta,usr_526,agt_11,internal_tool,tier_1_support,2026-05-21 17:16:43,2026-05-21 17:52:57,2174,18,support_triage,0,0,0,0,0,0,0
sess_1027,ent_nexus_beta,usr_527,agt_9,internal_tool,tier_1_support,2026-05-06 12:10:42,2026-05-06 12:35:51,1509,11,order_management,0,0,0,0,0,0,0
sess_1028,ent_nexus_beta,usr_528,agt_5,internal_tool,support,2026-05-08 10:17:29,2026-05-08 10:40:41,1392,11,order_management,0,0,0,0,0,0,0
sess_1029,ent_apex_gamma,usr_529,agt_4,automated_cron,tier_1_support,2026-05-13 16:38:15,2026-05-13 17:02:39,1464,15,support_triage,0,0,0,0,0,0,0
sess_1030,ent_nexus_beta,usr_530,agt_2,internal_tool,admin,2026-05-20 13:00:31,2026-05-20 13:31:52,1881,17,report_generation,0,0,0,0,0,0,0
sess_1031,ent_nexus_beta,usr_531,agt_9,user_facing_llm,analyst,2026-05-19 14:23:17,2026-05-19 14:42:32,1155,9,billing_summary,1,0,0,0,1,0,0
sess_1032,ent_corp_alpha,usr_532,agt_8,internal_tool,support,2026-05-25 14:50:16,2026-05-25 15:13:46,1410,16,order_management,0,0,0,0,0,0,0
sess_1033,ent_nexus_beta,usr_533,agt_14,automated_cron,data_engineer,2026-05-08 02:17:51,2026-05-08 02:57:11,2360,12,report_generation,0,0,0,0,0,0,0
sess_1034,ent_apex_gamma,usr_534,agt_12,user_facing_llm,executive,2026-05-23 15:14:25,2026-05-23 15:35:56,1291,14,sales_performance,0,0,0,0,0,0,0
sess_1035,ent_nexus_beta,usr_535,agt_3,internal_tool,admin,2026-05-02 14:19:41,2026-05-02 14:44:30,1489,12,payroll_processing,0,0,0,0,0,0,0
sess_1036,ent_nexus_beta,usr_536,agt_12,user_facing_llm,executive,2026-05-03 01:27:49,2026-05-03 01:50:01,1332,16,billing_summary,0,0,0,0,0,0,0
sess_1037,ent_corp_alpha,usr_537,agt_10,internal_tool,support,2026-05-07 14:16:32,2026-05-07 14:45:29,1737,12,customer_lookup,0,0,0,0,0,0,0
sess_1038,ent_corp_alpha,usr_538,agt_6,internal_tool,executive,2026-05-22 14:22:52,2026-05-22 14:53:43,1851,17,report_generation,0,0,0,0,0,0,0
sess_1039,ent_apex_gamma,usr_539,agt_8,user_facing_llm,executive,2026-05-22 04:44:56,2026-05-22 05:02:57,1081,12,billing_summary,0,0,0,0,0,0,0
sess_1040,ent_apex_gamma,usr_540,agt_8,automated_cron,executive,2026-05-24 15:40:30,2026-05-24 16:03:45,1395,12,sales_performance,0,0,0,0,0,0,0
sess_1041,ent_nexus_beta,usr_541,agt_11,user_facing_llm,analyst,2026-05-24 11:37:06,2026-05-24 11:58:33,1287,14,sales_performance,0,0,0,0,0,0,0
sess_1042,ent_corp_alpha,usr_542,agt_1,user_facing_llm,admin,2026-05-04 23:19:32,2026-05-05 01:35:47,8175,32,payroll_processing,1,1,0,0,0,0,0
sess_1043,ent_apex_gamma,usr_543,agt_1,internal_tool,tier_1_support,2026-05-27 19:49:48,2026-05-27 20:17:34,1666,13,customer_lookup,0,0,0,0,0,0,0
sess_1044,ent_corp_alpha,usr_544,agt_6,automated_cron,executive,2026-05-02 18:30:42,2026-05-02 18:55:41,1499,13,compensation_review,0,0,0,0,0,0,0
sess_1045,ent_apex_gamma,usr_545,agt_9,internal_tool,data_engineer,2026-04-29 00:39:45,2026-04-29 01:02:50,1385,13,schema_audit,1,0,1,0,0,0,1
sess_1046,ent_nexus_beta,usr_546,agt_5,internal_tool,admin,2026-04-30 12:56:49,2026-04-30 13:08:10,681,10,system_health_check,0,0,0,0,0,0,0
sess_1047,ent_apex_gamma,usr_547,agt_5,automated_cron,data_engineer,2026-05-25 10:00:22,2026-05-25 10:17:13,1011,10,inventory_check,0,0,0,0,0,0,0
sess_1048,ent_apex_gamma,usr_548,agt_7,automated_cron,admin,2026-05-26 15:26:47,2026-05-26 15:50:58,1451,13,system_health_check,0,0,0,0,0,0,0
sess_1049,ent_corp_alpha,usr_549,agt_12,internal_tool,analyst,2026-05-11 08:42:16,2026-05-11 08:52:45,629,10,sales_performance,1,0,0,0,1,0,0
sess_1050,ent_apex_gamma,usr_550,agt_6,user_facing_llm,data_engineer,2026-05-01 17:06:53,2026-05-01 17:23:09,976,10,system_health_check,0,0,0,0,0,0,0
sess_1051,ent_corp_alpha,usr_551,agt_11,user_facing_llm,tier_1_support,2026-05-06 02:11:40,2026-05-06 02:34:24,1364,12,customer_lookup,0,0,0,0,0,0,0
sess_1052,ent_apex_gamma,usr_552,agt_1,automated_cron,analyst,2026-05-01 01:34:20,2026-05-01 01:46:38,738,13,billing_summary,1,0,0,0,1,0,1
sess_1053,ent_apex_gamma,usr_553,agt_8,internal_tool,analyst,2026-05-11 15:47:13,2026-05-11 16:09:00,1307,9,inventory_check,0,0,0,0,0,0,0
sess_1054,ent_nexus_beta,usr_554,agt_5,internal_tool,data_engineer,2026-04-28 11:37:22,2026-04-28 12:03:46,1584,14,inventory_check,1,0,0,1,0,0,0
sess_1055,ent_corp_alpha,usr_555,agt_3,automated_cron,analyst,2026-05-24 18:34:14,2026-05-24 18:51:52,1058,14,billing_summary,0,0,0,0,0,0,0
sess_1056,ent_nexus_beta,usr_556,agt_7,internal_tool,admin,2026-05-18 04:11:51,2026-05-18 04:48:35,2204,18,report_generation,0,0,0,0,0,0,0
sess_1057,ent_apex_gamma,usr_557,agt_0,user_facing_llm,support,2026-05-04 12:11:35,2026-05-04 12:22:45,670,12,customer_lookup,0,0,0,0,0,0,0
sess_1058,ent_apex_gamma,usr_558,agt_4,user_facing_llm,analyst,2026-05-24 10:18:31,2026-05-24 10:41:08,1357,12,billing_summary,0,0,0,0,0,0,0
sess_1059,ent_corp_alpha,usr_559,agt_7,automated_cron,tier_1_support,2026-05-06 18:31:06,2026-05-06 18:53:04,1318,12,order_management,0,0,0,0,0,0,0
sess_1060,ent_apex_gamma,usr_560,agt_3,user_facing_llm,executive,2026-05-25 23:03:50,2026-05-25 23:27:35,1425,10,billing_summary,0,0,0,0,0,0,0
sess_1061,ent_apex_gamma,usr_561,agt_12,internal_tool,analyst,2026-05-27 16:35:53,2026-05-27 16:51:40,947,9,billing_summary,0,0,0,0,0,0,0
sess_1062,ent_corp_alpha,usr_562,agt_10,internal_tool,tier_1_support,2026-05-20 14:42:25,2026-05-20 15:07:25,1500,15,customer_lookup,0,0,0,0,0,0,0
sess_1063,ent_nexus_beta,usr_563,agt_0,internal_tool,support,2026-05-01 10:07:14,2026-05-01 10:20:21,787,10,customer_lookup,1,0,1,0,0,0,0
sess_1064,ent_nexus_beta,usr_564,agt_2,internal_tool,executive,2026-05-23 23:14:43,2026-05-23 23:51:02,2179,16,sales_performance,0,0,0,0,0,0,0
sess_1065,ent_corp_alpha,usr_565,agt_9,user_facing_llm,executive,2026-05-10 07:18:45,2026-05-10 07:38:42,1197,12,sales_performance,0,0,0,0,0,0,0
sess_1066,ent_apex_gamma,usr_566,agt_1,automated_cron,executive,2026-05-09 19:03:01,2026-05-09 19:16:06,785,12,billing_summary,1,0,1,0,0,0,0
sess_1067,ent_corp_alpha,usr_567,agt_1,internal_tool,admin,2026-05-13 19:21:18,2026-05-13 19:37:38,980,12,system_health_check,0,0,0,0,0,0,0
sess_1068,ent_apex_gamma,usr_568,agt_5,automated_cron,data_engineer,2026-05-17 04:04:59,2026-05-17 04:53:40,2921,18,inventory_check,0,0,0,0,0,0,0
sess_1069,ent_apex_gamma,usr_569,agt_12,automated_cron,data_engineer,2026-05-16 18:46:57,2026-05-16 19:12:47,1550,11,inventory_check,0,0,0,0,0,0,0
sess_1070,ent_apex_gamma,usr_570,agt_12,automated_cron,data_engineer,2026-05-06 12:34:15,2026-05-06 12:53:15,1140,15,report_generation,0,0,0,0,0,0,0
sess_1071,ent_nexus_beta,usr_571,agt_3,user_facing_llm,analyst,2026-05-11 09:06:36,2026-05-11 09:30:48,1452,17,sales_performance,0,0,0,0,0,0,0
sess_1072,ent_apex_gamma,usr_572,agt_12,automated_cron,admin,2026-05-20 12:44:26,2026-05-20 12:55:01,635,14,payroll_processing,1,0,0,0,1,1,0
sess_1073,ent_nexus_beta,usr_573,agt_3,automated_cron,support,2026-05-07 10:24:24,2026-05-07 10:38:49,865,11,support_triage,0,0,0,0,0,0,0
sess_1074,ent_nexus_beta,usr_574,agt_7,internal_tool,data_engineer,2026-05-12 16:04:09,2026-05-12 16:30:08,1559,14,report_generation,0,0,0,0,0,0,0
sess_1075,ent_corp_alpha,usr_575,agt_5,internal_tool,admin,2026-05-26 11:02:27,2026-05-26 11:25:10,1363,14,schema_audit,0,0,0,0,0,0,0
sess_1076,ent_corp_alpha,usr_576,agt_1,automated_cron,admin,2026-04-27 14:53:47,2026-04-27 15:16:55,1388,10,system_health_check,1,0,0,1,0,0,0
sess_1077,ent_apex_gamma,usr_577,agt_2,internal_tool,executive,2026-05-16 13:52:37,2026-05-16 16:41:08,10111,37,report_generation,1,1,0,0,0,0,0
sess_1078,ent_apex_gamma,usr_578,agt_6,automated_cron,admin,2026-05-22 10:42:31,2026-05-22 11:05:21,1370,11,report_generation,0,0,0,0,0,0,0
sess_1079,ent_apex_gamma,usr_579,agt_7,automated_cron,tier_1_support,2026-05-22 23:29:24,2026-05-23 02:06:58,9454,44,customer_lookup,1,1,0,0,0,0,1
sess_1080,ent_apex_gamma,usr_580,agt_8,internal_tool,analyst,2026-05-20 10:11:58,2026-05-20 10:30:07,1089,12,inventory_check,0,0,0,0,0,0,0
sess_1081,ent_corp_alpha,usr_581,agt_12,user_facing_llm,analyst,2026-05-17 13:32:54,2026-05-17 13:50:07,1033,11,sales_performance,1,0,1,0,0,0,0
sess_1082,ent_corp_alpha,usr_582,agt_1,user_facing_llm,data_engineer,2026-04-30 11:35:46,2026-04-30 12:03:00,1634,12,system_health_check,0,0,0,0,0,0,0
sess_1083,ent_corp_alpha,usr_583,agt_1,user_facing_llm,admin,2026-05-09 14:07:01,2026-05-09 14:24:33,1052,15,schema_audit,0,0,0,0,0,0,0
sess_1084,ent_nexus_beta,usr_584,agt_7,user_facing_llm,admin,2026-05-19 02:24:32,2026-05-19 02:41:06,994,13,report_generation,0,0,0,0,0,0,0
sess_1085,ent_apex_gamma,usr_585,agt_6,automated_cron,support,2026-05-03 13:21:03,2026-05-03 13:51:14,1811,18,customer_lookup,0,0,0,0,0,0,0
sess_1086,ent_apex_gamma,usr_586,agt_2,automated_cron,data_engineer,2026-05-20 10:34:07,2026-05-20 11:00:22,1575,15,inventory_check,0,0,0,0,0,0,0
sess_1087,ent_corp_alpha,usr_587,agt_8,automated_cron,executive,2026-05-12 15:24:36,2026-05-12 15:52:54,1698,16,report_generation,0,0,0,0,0,0,0
sess_1088,ent_apex_gamma,usr_588,agt_11,automated_cron,support,2026-05-20 12:51:32,2026-05-20 13:24:56,2004,20,support_triage,0,0,0,0,0,0,0
sess_1089,ent_nexus_beta,usr_589,agt_5,internal_tool,analyst,2026-05-27 09:20:23,2026-05-27 09:39:20,1137,14,inventory_check,1,0,0,0,1,0,0
sess_1090,ent_apex_gamma,usr_590,agt_11,internal_tool,data_engineer,2026-05-21 19:14:40,2026-05-21 19:35:01,1221,10,system_health_check,0,0,0,0,0,0,0
sess_1091,ent_nexus_beta,usr_591,agt_8,internal_tool,tier_1_support,2026-05-10 12:43:51,2026-05-10 13:12:27,1716,12,support_triage,0,0,0,0,0,0,0
sess_1092,ent_nexus_beta,usr_592,agt_9,internal_tool,admin,2026-05-15 15:54:28,2026-05-15 16:12:06,1058,16,schema_audit,1,0,0,0,0,1,0
sess_1093,ent_apex_gamma,usr_593,agt_2,internal_tool,tier_1_support,2026-05-08 17:24:45,2026-05-08 18:02:48,2283,20,customer_lookup,0,0,0,0,0,0,0
sess_1094,ent_apex_gamma,usr_594,agt_11,internal_tool,executive,2026-05-21 09:04:12,2026-05-21 09:29:37,1525,16,sales_performance,0,0,0,0,0,0,0
sess_1095,ent_apex_gamma,usr_595,agt_0,internal_tool,admin,2026-05-19 12:02:28,2026-05-19 12:10:06,458,6,schema_audit,1,0,1,0,0,0,0
sess_1096,ent_nexus_beta,usr_596,agt_0,internal_tool,tier_1_support,2026-05-24 05:02:51,2026-05-24 05:34:58,1927,14,support_triage,0,0,0,0,0,0,0
sess_1097,ent_nexus_beta,usr_597,agt_5,internal_tool,data_engineer,2026-05-14 11:31:54,2026-05-14 11:58:02,1568,12,inventory_check,0,0,0,0,0,0,0
sess_1098,ent_corp_alpha,usr_598,agt_0,automated_cron,tier_1_support,2026-05-02 15:32:10,2026-05-02 16:12:08,2398,19,customer_lookup,0,0,0,0,0,0,0
sess_1099,ent_nexus_beta,usr_599,agt_12,automated_cron,data_engineer,2026-05-18 13:20:26,2026-05-18 13:47:52,1646,15,report_generation,0,0,0,0,0,0,0
sess_1100,ent_apex_gamma,usr_600,agt_6,automated_cron,support,2026-05-01 04:20:31,2026-05-01 04:33:29,778,7,order_management,1,0,0,0,1,0,0
sess_1101,ent_nexus_beta,usr_601,agt_6,internal_tool,admin,2026-05-15 08:53:54,2026-05-15 09:17:26,1412,16,schema_audit,0,0,0,0,0,0,0
sess_1102,ent_apex_gamma,usr_602,agt_11,automated_cron,executive,2026-05-09 11:37:05,2026-05-09 13:51:15,8050,36,report_generation,1,1,0,0,0,0,0
sess_1103,ent_corp_alpha,usr_603,agt_7,automated_cron,tier_1_support,2026-05-26 15:30:22,2026-05-26 15:43:03,761,7,support_triage,0,0,0,0,0,0,0
sess_1104,ent_nexus_beta,usr_604,agt_9,user_facing_llm,analyst,2026-05-18 10:55:07,2026-05-18 11:13:43,1116,13,report_generation,0,0,0,0,0,0,0
sess_1105,ent_apex_gamma,usr_605,agt_6,user_facing_llm,analyst,2026-05-05 11:55:54,2026-05-05 12:08:14,740,11,inventory_check,1,0,1,0,0,0,0
sess_1106,ent_nexus_beta,usr_606,agt_2,automated_cron,tier_1_support,2026-05-05 14:50:15,2026-05-05 15:06:30,975,24,order_management,1,0,0,0,1,1,0
sess_1107,ent_corp_alpha,usr_607,agt_6,user_facing_llm,admin,2026-05-17 13:04:33,2026-05-17 13:24:51,1218,12,compensation_review,0,0,0,0,0,0,0
sess_1108,ent_nexus_beta,usr_608,agt_1,automated_cron,tier_1_support,2026-05-23 05:03:52,2026-05-23 05:32:17,1705,14,order_management,0,0,0,0,0,0,0
sess_1109,ent_corp_alpha,usr_609,agt_4,internal_tool,support,2026-05-02 07:56:15,2026-05-02 08:04:56,521,5,customer_lookup,0,0,0,0,0,0,0
sess_1110,ent_nexus_beta,usr_610,agt_12,automated_cron,analyst,2026-05-23 14:43:58,2026-05-23 15:05:33,1295,10,billing_summary,1,0,0,1,0,0,0
sess_1111,ent_nexus_beta,usr_611,agt_3,automated_cron,tier_1_support,2026-05-04 17:58:02,2026-05-04 18:18:25,1223,10,order_management,0,0,0,0,0,0,0
sess_1112,ent_apex_gamma,usr_612,agt_6,user_facing_llm,tier_1_support,2026-05-05 04:37:23,2026-05-05 05:02:37,1514,15,customer_lookup,0,0,0,0,0,0,0
sess_1113,ent_corp_alpha,usr_613,agt_11,internal_tool,executive,2026-05-05 15:30:16,2026-05-05 15:53:14,1378,16,billing_summary,0,0,0,0,0,0,0
sess_1114,ent_corp_alpha,usr_614,agt_11,automated_cron,data_engineer,2026-05-13 12:46:04,2026-05-13 13:13:57,1673,11,report_generation,0,0,0,0,0,0,0
sess_1115,ent_apex_gamma,usr_615,agt_3,internal_tool,admin,2026-05-19 12:09:50,2026-05-19 12:43:44,2034,14,system_health_check,0,0,0,0,0,0,0
sess_1116,ent_nexus_beta,usr_616,agt_10,automated_cron,executive,2026-05-27 17:19:16,2026-05-27 17:49:26,1810,15,sales_performance,0,0,0,0,0,0,0
sess_1117,ent_nexus_beta,usr_617,agt_11,user_facing_llm,analyst,2026-04-27 13:39:09,2026-04-27 14:12:09,1980,14,inventory_check,0,0,0,0,0,0,0
sess_1118,ent_corp_alpha,usr_618,agt_10,user_facing_llm,analyst,2026-05-10 16:30:32,2026-05-10 17:07:57,2245,15,report_generation,0,0,0,0,0,0,0
sess_1119,ent_corp_alpha,usr_619,agt_3,internal_tool,tier_1_support,2026-05-11 14:04:45,2026-05-11 14:22:57,1092,13,order_management,0,0,0,0,0,0,0
sess_1120,ent_apex_gamma,usr_620,agt_7,automated_cron,data_engineer,2026-05-21 13:37:38,2026-05-21 14:05:39,1681,11,inventory_check,0,0,0,0,0,0,0
sess_1121,ent_nexus_beta,usr_621,agt_10,automated_cron,analyst,2026-05-18 17:09:36,2026-05-18 17:46:41,2225,12,inventory_check,0,0,0,0,0,0,0
sess_1122,ent_corp_alpha,usr_622,agt_2,internal_tool,data_engineer,2026-05-23 16:52:19,2026-05-23 17:19:32,1633,14,inventory_check,0,0,0,0,0,0,0
sess_1123,ent_nexus_beta,usr_623,agt_9,automated_cron,support,2026-05-09 02:15:16,2026-05-09 02:37:32,1336,14,order_management,0,0,0,0,0,0,0
sess_1124,ent_nexus_beta,usr_624,agt_1,internal_tool,data_engineer,2026-05-07 03:23:58,2026-05-07 03:41:28,1050,14,inventory_check,1,0,0,0,1,0,1
sess_1125,ent_corp_alpha,usr_625,agt_7,internal_tool,executive,2026-05-05 04:53:53,2026-05-05 05:07:41,828,9,compensation_review,0,0,0,0,0,0,0
sess_1126,ent_corp_alpha,usr_626,agt_8,internal_tool,analyst,2026-05-01 07:10:57,2026-05-01 07:34:00,1383,13,inventory_check,0,0,0,0,0,0,0
sess_1127,ent_corp_alpha,usr_627,agt_10,user_facing_llm,analyst,2026-04-29 11:14:32,2026-04-29 11:38:20,1428,16,report_generation,1,0,0,1,0,0,0
sess_1128,ent_corp_alpha,usr_628,agt_5,internal_tool,executive,2026-05-07 10:29:44,2026-05-07 10:57:40,1676,18,compensation_review,0,0,0,0,0,0,0
sess_1129,ent_apex_gamma,usr_629,agt_8,automated_cron,tier_1_support,2026-05-11 11:40:09,2026-05-11 12:10:58,1849,13,order_management,0,0,0,0,0,0,0
sess_1130,ent_nexus_beta,usr_630,agt_11,automated_cron,tier_1_support,2026-04-29 07:42:28,2026-04-29 08:12:43,1815,14,customer_lookup,1,0,0,0,1,0,0
sess_1131,ent_nexus_beta,usr_631,agt_9,internal_tool,analyst,2026-05-13 02:31:51,2026-05-13 02:51:45,1194,10,report_generation,0,0,0,0,0,0,0
sess_1132,ent_nexus_beta,usr_632,agt_12,user_facing_llm,analyst,2026-05-21 12:25:57,2026-05-21 12:37:46,709,9,report_generation,0,0,0,0,0,0,0
sess_1133,ent_corp_alpha,usr_633,agt_9,automated_cron,executive,2026-04-30 15:16:21,2026-04-30 15:49:03,1962,15,billing_summary,0,0,0,0,0,0,0
sess_1134,ent_apex_gamma,usr_634,agt_11,internal_tool,support,2026-04-27 08:37:08,2026-04-27 08:58:03,1255,12,order_management,0,0,0,0,0,0,0
sess_1135,ent_apex_gamma,usr_635,agt_4,internal_tool,admin,2026-05-26 07:13:51,2026-05-26 07:33:46,1195,10,payroll_processing,0,0,0,0,0,0,0
sess_1136,ent_apex_gamma,usr_636,agt_11,internal_tool,executive,2026-05-22 12:54:19,2026-05-22 13:18:22,1443,14,sales_performance,0,0,0,0,0,0,0
sess_1137,ent_nexus_beta,usr_637,agt_10,internal_tool,support,2026-05-07 23:41:01,2026-05-08 00:17:48,2207,12,order_management,0,0,0,0,0,0,0
sess_1138,ent_nexus_beta,usr_638,agt_0,user_facing_llm,executive,2026-05-03 02:07:51,2026-05-03 02:19:21,690,9,report_generation,0,0,0,0,0,0,0
sess_1139,ent_corp_alpha,usr_639,agt_6,user_facing_llm,data_engineer,2026-05-27 07:22:51,2026-05-27 07:57:03,2052,12,schema_audit,0,0,0,0,0,0,0
sess_1140,ent_corp_alpha,usr_640,agt_2,automated_cron,tier_1_support,2026-05-24 16:23:28,2026-05-24 16:37:03,815,11,order_management,0,0,0,0,0,0,0
sess_1141,ent_apex_gamma,usr_641,agt_10,automated_cron,data_engineer,2026-05-22 09:29:17,2026-05-22 09:50:22,1265,12,schema_audit,0,0,0,0,0,0,0
sess_1142,ent_apex_gamma,usr_642,agt_12,internal_tool,tier_1_support,2026-05-19 12:14:37,2026-05-19 12:34:15,1178,16,customer_lookup,1,0,0,1,0,0,0
sess_1143,ent_apex_gamma,usr_643,agt_12,internal_tool,executive,2026-05-26 08:44:24,2026-05-26 09:05:30,1266,15,billing_summary,0,0,0,0,0,0,0
sess_1144,ent_apex_gamma,usr_644,agt_7,user_facing_llm,data_engineer,2026-05-16 12:41:14,2026-05-16 13:24:53,2619,19,system_health_check,0,0,0,0,0,0,0
sess_1145,ent_corp_alpha,usr_645,agt_5,automated_cron,admin,2026-05-21 12:35:27,2026-05-21 12:53:09,1062,11,schema_audit,0,0,0,0,0,0,0
sess_1146,ent_corp_alpha,usr_646,agt_11,user_facing_llm,executive,2026-04-30 14:00:12,2026-04-30 14:23:10,1378,15,sales_performance,0,0,0,0,0,0,0
sess_1147,ent_nexus_beta,usr_647,agt_12,user_facing_llm,executive,2026-05-22 14:29:00,2026-05-22 14:45:30,990,12,billing_summary,1,0,0,1,0,0,0
sess_1148,ent_apex_gamma,usr_648,agt_12,user_facing_llm,support,2026-05-07 15:14:40,2026-05-07 15:58:13,2613,15,customer_lookup,0,0,0,0,0,0,0
sess_1149,ent_nexus_beta,usr_649,agt_0,automated_cron,executive,2026-05-03 14:27:20,2026-05-03 15:02:21,2101,16,billing_summary,0,0,0,0,0,0,0
sess_1150,ent_corp_alpha,usr_650,agt_10,automated_cron,admin,2026-05-09 19:23:13,2026-05-09 19:41:47,1114,12,payroll_processing,0,0,0,0,0,0,0
sess_1151,ent_corp_alpha,usr_651,agt_0,automated_cron,admin,2026-05-22 12:17:27,2026-05-22 12:55:34,2287,16,report_generation,0,0,0,0,0,0,0
sess_1152,ent_nexus_beta,usr_652,agt_10,user_facing_llm,analyst,2026-05-01 17:18:41,2026-05-01 17:37:17,1116,14,sales_performance,1,0,0,0,1,1,0
sess_1153,ent_nexus_beta,usr_653,agt_0,user_facing_llm,analyst,2026-05-02 12:50:08,2026-05-02 13:29:24,2356,15,sales_performance,0,0,0,0,0,0,0
sess_1154,ent_nexus_beta,usr_654,agt_0,user_facing_llm,analyst,2026-05-27 13:19:34,2026-05-27 13:33:14,820,10,inventory_check,1,0,0,1,0,0,0
sess_1155,ent_apex_gamma,usr_655,agt_1,automated_cron,admin,2026-05-12 23:14:30,2026-05-12 23:49:16,2086,14,schema_audit,0,0,0,0,0,0,0
sess_1156,ent_nexus_beta,usr_656,agt_2,automated_cron,executive,2026-04-27 11:33:29,2026-04-27 13:41:22,7673,36,report_generation,1,1,0,0,0,0,0
sess_1157,ent_nexus_beta,usr_657,agt_3,user_facing_llm,admin,2026-04-27 02:48:28,2026-04-27 03:08:21,1193,25,system_health_check,1,0,0,0,0,1,0
sess_1158,ent_apex_gamma,usr_658,agt_3,user_facing_llm,executive,2026-05-11 23:14:19,2026-05-11 23:30:34,975,9,billing_summary,1,0,1,0,0,0,1
sess_1159,ent_nexus_beta,usr_659,agt_15,internal_tool,tier_1_support,2026-04-27 11:19:38,2026-04-27 11:37:05,1047,12,order_management,0,0,0,0,0,0,0
sess_1160,ent_nexus_beta,usr_660,agt_5,internal_tool,tier_1_support,2026-05-09 16:26:41,2026-05-09 16:49:24,1363,16,support_triage,0,0,0,0,0,0,0
sess_1161,ent_corp_alpha,usr_661,agt_12,internal_tool,analyst,2026-05-09 10:29:59,2026-05-09 10:45:07,908,12,report_generation,1,0,0,0,1,0,0
sess_1162,ent_corp_alpha,usr_662,agt_12,internal_tool,executive,2026-05-24 16:59:42,2026-05-24 17:27:06,1644,12,billing_summary,0,0,0,0,0,0,0
sess_1163,ent_nexus_beta,usr_663,agt_9,internal_tool,executive,2026-05-04 19:32:56,2026-05-04 21:32:40,7184,26,report_generation,1,1,0,0,0,0,0
sess_1164,ent_nexus_beta,usr_664,agt_0,internal_tool,executive,2026-04-27 15:19:20,2026-04-27 15:35:13,953,11,compensation_review,0,0,0,0,0,0,0
sess_1165,ent_apex_gamma,usr_665,agt_9,internal_tool,executive,2026-05-13 12:01:26,2026-05-13 12:28:37,1631,15,compensation_review,0,0,0,0,0,0,0
sess_1166,ent_corp_alpha,usr_666,agt_5,automated_cron,admin,2026-05-10 19:47:28,2026-05-10 20:08:34,1266,16,schema_audit,0,0,0,0,0,0,0
sess_1167,ent_apex_gamma,usr_667,agt_4,user_facing_llm,tier_1_support,2026-05-16 14:03:58,2026-05-16 14:29:56,1558,17,support_triage,0,0,0,0,0,0,0
sess_1168,ent_nexus_beta,usr_668,agt_1,automated_cron,support,2026-05-22 16:20:44,2026-05-22 16:53:59,1995,12,customer_lookup,0,0,0,0,0,0,0
sess_1169,ent_nexus_beta,usr_669,agt_0,internal_tool,tier_1_support,2026-05-12 14:42:13,2026-05-12 15:13:39,1886,16,order_management,0,0,0,0,0,0,0
sess_1170,ent_corp_alpha,usr_670,agt_12,internal_tool,support,2026-05-02 13:53:46,2026-05-02 14:04:15,629,8,order_management,1,0,1,0,0,0,0
sess_1171,ent_nexus_beta,usr_671,agt_15,automated_cron,data_engineer,2026-05-25 15:29:55,2026-05-25 16:07:12,2237,19,inventory_check,0,0,0,0,0,0,0
sess_1172,ent_corp_alpha,usr_672,agt_4,internal_tool,admin,2026-05-27 19:11:31,2026-05-27 19:41:09,1778,17,schema_audit,0,0,0,0,0,0,0
sess_1173,ent_nexus_beta,usr_673,agt_13,internal_tool,admin,2026-05-12 15:31:24,2026-05-12 15:51:32,1208,18,system_health_check,0,0,0,0,0,0,0
sess_1174,ent_nexus_beta,usr_674,agt_9,automated_cron,support,2026-05-23 09:45:27,2026-05-23 12:30:41,9914,37,order_management,1,1,0,0,0,0,0
sess_1175,ent_apex_gamma,usr_675,agt_2,user_facing_llm,data_engineer,2026-04-27 13:36:18,2026-04-27 13:51:08,890,9,schema_audit,0,0,0,0,0,0,0
sess_1176,ent_apex_gamma,usr_676,agt_7,internal_tool,data_engineer,2026-05-05 11:51:06,2026-05-05 12:04:20,794,10,inventory_check,0,0,0,0,0,0,0
sess_1177,ent_apex_gamma,usr_677,agt_3,automated_cron,tier_1_support,2026-05-04 12:14:13,2026-05-04 12:39:57,1544,13,support_triage,0,0,0,0,0,0,0
sess_1178,ent_apex_gamma,usr_678,agt_9,automated_cron,support,2026-05-15 14:04:41,2026-05-15 14:24:38,1197,10,order_management,0,0,0,0,0,0,0
sess_1179,ent_apex_gamma,usr_679,agt_3,user_facing_llm,data_engineer,2026-05-06 11:45:22,2026-05-06 12:04:57,1175,12,inventory_check,0,0,0,0,0,0,0
sess_1180,ent_apex_gamma,usr_680,agt_8,internal_tool,data_engineer,2026-05-02 08:31:13,2026-05-02 08:59:49,1716,15,report_generation,0,0,0,0,0,0,0
sess_1181,ent_corp_alpha,usr_681,agt_2,internal_tool,tier_1_support,2026-05-27 09:42:21,2026-05-27 10:11:51,1770,13,support_triage,0,0,0,0,0,0,0
sess_1182,ent_nexus_beta,usr_682,agt_7,user_facing_llm,data_engineer,2026-05-04 13:49:54,2026-05-04 14:18:57,1743,13,system_health_check,1,0,1,0,0,0,0
sess_1183,ent_apex_gamma,usr_683,agt_8,user_facing_llm,admin,2026-05-18 23:59:34,2026-05-19 00:21:01,1287,14,system_health_check,0,0,0,0,0,0,0
sess_1184,ent_apex_gamma,usr_684,agt_1,user_facing_llm,data_engineer,2026-05-03 17:29:06,2026-05-03 17:48:03,1137,11,report_generation,0,0,0,0,0,0,0
sess_1185,ent_corp_alpha,usr_685,agt_3,automated_cron,support,2026-05-01 17:30:12,2026-05-01 18:02:09,1917,14,order_management,0,0,0,0,0,0,0
sess_1186,ent_nexus_beta,usr_686,agt_3,internal_tool,data_engineer,2026-05-16 10:09:51,2026-05-16 10:46:05,2174,13,inventory_check,0,0,0,0,0,0,0
sess_1187,ent_apex_gamma,usr_687,agt_4,automated_cron,tier_1_support,2026-05-01 14:56:35,2026-05-01 15:16:52,1217,14,customer_lookup,0,0,0,0,0,0,0
sess_1188,ent_apex_gamma,usr_688,agt_2,automated_cron,data_engineer,2026-05-01 16:29:44,2026-05-01 16:53:15,1411,10,system_health_check,0,0,0,0,0,0,0
sess_1189,ent_corp_alpha,usr_689,agt_3,user_facing_llm,analyst,2026-05-24 11:09:19,2026-05-24 11:38:11,1732,17,report_generation,0,0,0,0,0,0,0
sess_1190,ent_nexus_beta,usr_690,agt_8,internal_tool,executive,2026-05-18 13:11:18,2026-05-18 13:23:04,706,8,compensation_review,0,0,0,0,0,0,0
sess_1191,ent_corp_alpha,usr_691,agt_5,user_facing_llm,admin,2026-05-13 11:06:41,2026-05-13 11:29:26,1365,14,schema_audit,0,0,0,0,0,0,0
sess_1192,ent_corp_alpha,usr_692,agt_5,user_facing_llm,executive,2026-05-04 12:43:01,2026-05-04 13:10:06,1625,14,billing_summary,0,0,0,0,0,0,0
sess_1193,ent_apex_gamma,usr_693,agt_3,automated_cron,admin,2026-05-17 11:54:12,2026-05-17 12:27:13,1981,17,schema_audit,0,0,0,0,0,0,0
sess_1194,ent_nexus_beta,usr_694,agt_5,user_facing_llm,admin,2026-05-01 10:17:22,2026-05-01 10:49:15,1913,14,report_generation,0,0,0,0,0,0,0
sess_1195,ent_nexus_beta,usr_695,agt_12,user_facing_llm,tier_1_support,2026-05-20 16:57:11,2026-05-20 17:13:36,985,15,support_triage,0,0,0,0,0,0,0
sess_1196,ent_apex_gamma,usr_696,agt_2,user_facing_llm,support,2026-05-14 20:06:10,2026-05-14 20:17:31,681,10,order_management,0,0,0,0,0,0,0
sess_1197,ent_corp_alpha,usr_697,agt_10,automated_cron,data_engineer,2026-05-19 08:56:04,2026-05-19 09:31:30,2126,16,report_generation,0,0,0,0,0,0,0
sess_1198,ent_corp_alpha,usr_698,agt_4,automated_cron,support,2026-05-12 14:23:03,2026-05-12 14:54:46,1903,16,customer_lookup,0,0,0,0,0,0,0
sess_1199,ent_corp_alpha,usr_699,agt_0,user_facing_llm,admin,2026-05-16 13:35:55,2026-05-16 14:02:40,1605,15,schema_audit,1,0,0,1,0,0,0
sess_1200,ent_apex_gamma,usr_700,agt_9,user_facing_llm,analyst,2026-05-06 10:35:43,2026-05-06 10:46:43,660,10,sales_performance,0,0,0,0,0,0,0
sess_1201,ent_corp_alpha,usr_701,agt_3,user_facing_llm,support,2026-05-01 22:20:48,2026-05-01 22:54:08,2000,20,support_triage,0,0,0,0,0,0,0
sess_1202,ent_nexus_beta,usr_702,agt_0,automated_cron,analyst,2026-05-13 11:00:51,2026-05-13 11:14:54,843,10,billing_summary,0,0,0,0,0,0,0
sess_1203,ent_nexus_beta,usr_703,agt_1,automated_cron,tier_1_support,2026-04-27 15:45:49,2026-04-27 16:08:17,1348,14,support_triage,1,0,0,1,0,0,0
sess_1204,ent_corp_alpha,usr_704,agt_1,internal_tool,executive,2026-05-23 16:41:06,2026-05-23 17:11:51,1845,15,report_generation,0,0,0,0,0,0,0
sess_1205,ent_apex_gamma,usr_705,agt_2,user_facing_llm,data_engineer,2026-05-16 17:29:58,2026-05-16 17:39:25,567,7,system_health_check,0,0,0,0,0,0,0
sess_1206,ent_apex_gamma,usr_706,agt_12,internal_tool,executive,2026-05-06 20:36:19,2026-05-06 21:03:18,1619,13,compensation_review,1,0,0,1,0,0,0
sess_1207,ent_nexus_beta,usr_707,agt_9,user_facing_llm,tier_1_support,2026-04-29 10:08:35,2026-04-29 10:32:14,1419,10,customer_lookup,0,0,0,0,0,0,0
sess_1208,ent_nexus_beta,usr_708,agt_6,internal_tool,tier_1_support,2026-05-24 13:15:09,2026-05-24 13:39:54,1485,14,customer_lookup,0,0,0,0,0,0,0
sess_1209,ent_corp_alpha,usr_709,agt_6,automated_cron,tier_1_support,2026-04-29 14:26:02,2026-04-29 14:43:50,1068,18,support_triage,0,0,0,0,0,0,0
sess_1210,ent_nexus_beta,usr_710,agt_1,user_facing_llm,admin,2026-05-26 13:13:49,2026-05-26 13:30:43,1014,6,system_health_check,0,0,0,0,0,0,0
sess_1211,ent_corp_alpha,usr_711,agt_8,internal_tool,data_engineer,2026-05-22 11:03:42,2026-05-22 11:25:10,1288,15,schema_audit,0,0,0,0,0,0,0
sess_1212,ent_apex_gamma,usr_712,agt_10,user_facing_llm,analyst,2026-05-27 20:45:16,2026-05-27 21:05:31,1215,10,billing_summary,1,0,1,0,0,0,0
sess_1213,ent_corp_alpha,usr_713,agt_0,internal_tool,data_engineer,2026-05-11 10:22:29,2026-05-11 10:51:47,1758,16,report_generation,0,0,0,0,0,0,0
sess_1214,ent_corp_alpha,usr_714,agt_10,internal_tool,data_engineer,2026-05-03 10:52:07,2026-05-03 11:13:21,1274,11,report_generation,0,0,0,0,0,0,0
sess_1215,ent_corp_alpha,usr_715,agt_8,automated_cron,analyst,2026-05-02 14:15:38,2026-05-02 14:36:43,1265,26,report_generation,1,0,0,0,0,1,0
sess_1216,ent_nexus_beta,usr_716,agt_10,internal_tool,executive,2026-05-11 10:19:18,2026-05-11 10:36:20,1022,12,report_generation,0,0,0,0,0,0,0
sess_1217,ent_apex_gamma,usr_717,agt_5,automated_cron,tier_1_support,2026-05-20 15:51:50,2026-05-20 16:18:06,1576,14,support_triage,0,0,0,0,0,0,0
sess_1218,ent_apex_gamma,usr_718,agt_11,user_facing_llm,support,2026-05-13 15:02:08,2026-05-13 15:22:07,1199,12,support_triage,0,0,0,0,0,0,0
sess_1219,ent_corp_alpha,usr_719,agt_9,internal_tool,support,2026-04-27 23:36:53,2026-04-28 02:07:29,9036,35,customer_lookup,1,1,0,0,0,0,1
sess_1220,ent_nexus_beta,usr_720,agt_10,user_facing_llm,executive,2026-05-21 05:22:27,2026-05-21 07:29:20,7613,25,sales_performance,1,1,0,0,0,0,0
sess_1221,ent_nexus_beta,usr_721,agt_6,automated_cron,executive,2026-05-25 06:02:41,2026-05-25 06:32:09,1768,15,compensation_review,1,0,0,1,0,0,0
sess_1222,ent_corp_alpha,usr_722,agt_2,automated_cron,executive,2026-05-06 12:49:45,2026-05-06 13:14:03,1458,15,billing_summary,0,0,0,0,0,0,0
sess_1223,ent_apex_gamma,usr_723,agt_5,user_facing_llm,support,2026-05-09 23:28:29,2026-05-09 23:48:46,1217,25,customer_lookup,1,0,0,0,0,1,0
sess_1224,ent_apex_gamma,usr_724,agt_10,user_facing_llm,data_engineer,2026-05-22 14:14:55,2026-05-22 14:44:30,1775,16,schema_audit,0,0,0,0,0,0,0
sess_1225,ent_nexus_beta,usr_725,agt_5,user_facing_llm,executive,2026-05-19 15:32:15,2026-05-19 15:55:32,1397,7,billing_summary,0,0,0,0,0,0,0
sess_1226,ent_corp_alpha,usr_726,agt_4,internal_tool,executive,2026-04-29 09:17:20,2026-04-29 09:55:26,2286,14,compensation_review,0,0,0,0,0,0,0
sess_1227,ent_nexus_beta,usr_727,agt_11,automated_cron,admin,2026-05-12 18:31:20,2026-05-12 18:48:31,1031,8,system_health_check,1,0,0,1,0,0,0
sess_1228,ent_apex_gamma,usr_728,agt_5,user_facing_llm,data_engineer,2026-05-23 09:56:20,2026-05-23 10:16:13,1193,15,system_health_check,0,0,0,0,0,0,0
sess_1229,ent_apex_gamma,usr_729,agt_10,automated_cron,executive,2026-05-03 03:54:53,2026-05-03 04:21:10,1577,8,billing_summary,1,0,0,0,1,0,1
